{
    "accuracy": 0.7784200385356455,
    "precision": 0.7724317295188556,
    "recall": 0.7774869109947644,
    "auc": 0.8661892673458205
}